"","Name","Grade","Area","Country","First.Ascensionist","FA.date","Climber","Date"
"1","Silence","9c","Flatanger","Norway","Adam Ondra","2017-09-03","Adam Ondra","2017-09-03"
"2","Change","9b+","Flatanger","Norway","Adam Ondra","2012-10-04","Adam Ondra","2012-10-04"
"3","La Dura Dura","9b+","Oliana","Spain","Adam Ondra","2013-02-07","Adam Ondra","2013-02-07"
"4","La Dura Dura","9b+","Oliana","Spain","Adam Ondra","2013-02-07","Chris Sharma","2013-03-23"
"5","Perfecto Mundo","9b+","Margalef","Spain","Alexander Megos","2018-05-09","Alexander Megos","2018-05-09"
"6","Perfecto Mundo","9b+","Margalef","Spain","Alexander Megos","2018-05-09","Stefano Ghisolfi","2018-12-05"
"7","Vasil Vasil","9b+","Sloup","Czech","Adam Ondra","2013-12-04","Adam Ondra","2013-12-04"
"8","Akira","9b","Vilhonneur","France","Fred Rouhling","1995","Fred Rouhling","1995"
"9","Ali Hulk (sitstart + extension)","9b","Rodellar","Spain","Dani Andrada","2007","Dani Andrada","2007"
"10","Ali Hulk (sitstart + extension)","9b","Rodellar","Spain","Dani Andrada","2007","Magnus Midtbø","2010-08"
"11","Chaxiraxi","9b","Oliana","Spain","Adam Ondra","2011-03-27","Adam Ondra","2011-03-27"
"12","CRS","9b","Mollans sur Ouvèze","France","Adam Ondra","2015-11-02","Adam Ondra","2015-11-02"
"13","Delincuente natural(extension)","9b","Rodellar","Spain","Dani Andrada","2008-09-13","Dani Andrada","2008-09-13"
"14","Disbelief","9b","Acéphale","Canada","Adam Ondra","2018-07","Adam Ondra","2018-07"
"15","Eagle 4","9b","Saint-Léger-du-Ventoux","France","Adam Ondra","2018-02-13","Adam Ondra","2018-02-13"
"16","Fight Club","9b","Raven's crag","Canada","Alexander Megos","2016-08-14","Alexander Megos","2016-08-14"
"17","Fight or Flight","9b","Oliana","Spain","Chris Sharma","2011-05-05","Chris Sharma","2011-05-05"
"18","Fight or Flight","9b","Oliana","Spain","Chris Sharma","2011-05-05","Adam Ondra","2013-02-10"
"19","Fight or Flight","9b","Oliana","Spain","Chris Sharma","2011-05-05","Jakob Schubert","2014-12-31"
"20","Fight or Flight","9b","Oliana","Spain","Chris Sharma","2011-05-05","Sachi Amma","2015-02"
"21","Fight or Flight","9b","Oliana","Spain","Chris Sharma","2011-05-05","Matty Hong","2018-05-02"
"22","First Round First Minute","9b","Margalef","Spain","Chris Sharma","2011-04-19","Chris Sharma","2011-04-19"
"23","First Round First Minute","9b","Margalef","Spain","Chris Sharma","2011-04-19","Adam Ondra","2014-02-03"
"24","First Round First Minute","9b","Margalef","Spain","Chris Sharma","2011-04-19","Alexander Megos","2015-12-31"
"25","First Round First Minute","9b","Margalef","Spain","Chris Sharma","2011-04-19","Stefano Ghisolfi","2017-01-30"
"26","Golpe de Estado","9b","Siurana","Spain","Chris Sharma","2008","Chris Sharma","2008"
"27","Golpe de Estado","9b","Siurana","Spain","Chris Sharma","2008","Adam Ondra","2010-03-13"
"28","Iron Curtain","9b","Flatanger","Norway","Adam Ondra","2013-08-03","Adam Ondra","2013-08-03"
"29","Jumbo love","9b","Clark Mountain","United States","Chris Sharma","2008-09-11","Chris Sharma","2008-09-11"
"30","Jumbo love","9b","Clark Mountain","United States","Chris Sharma","2008-09-11","Ethan Pringle","2015-05-17"
"31","Jumbo love","9b","Clark Mountain","United States","Chris Sharma","2008-09-11","Jonathan Siegrist","2018-05-17"
"32","La Barrière","9b","Jansegg","Swiss","Pirmin Bertle","2018-08-26","Pirmin Bertle","2018-08-26"
"33","La Capella","9b","Siurana","Spain","Adam Ondra","2011-02-16","Adam Ondra","2011-02-16"
"34","La Capella","9b","Siurana","Spain","Adam Ondra","2011-02-16","Daniel Woods","2018-05-02"
"35","La Capella","9b","Siurana","Spain","Adam Ondra","2011-02-16","Stefano Ghisolfi","2018-12-01"
"36","La Planta de Shiva","9b","Villanueva del Rosario","Spain","Adam Ondra","2011-04-17","Adam Ondra","2011-04-17"
"37","La Planta de Shiva","9b","Villanueva del Rosario","Spain","Adam Ondra","2011-04-17","Jakob Schubert","2016-01-09"
"38","La Planta de Shiva","9b","Villanueva del Rosario","Spain","Adam Ondra","2011-04-17","Angela Eiter","2017-10"
"39","Lapsus","9b","Andonno","Italy","Stefano Ghisolfi","2015-11-02","Stefano Ghisolfi","2015-11-02"
"40","Lapsus","9b","Andonno","Italy","Stefano Ghisolfi","2015-11-02","Adam Ondra","2017-04-20"
"41","Mamichula","9b","Oliana","Spain","Adam Ondra","2017-02-02","Adam Ondra","2017-02-02"
"42","Move","9b","Flatanger","Norway","Adam Ondra","2013-08-20","Adam Ondra","2013-08-20"
"43","Move Hard","9b","Flatanger","Norway","Adam Ondra","2017-07-10","Adam Ondra","2017-07-10"
"44","Neanderthal","9b","Santa Linya","Spain","Chris Sharma","2009-12-18","Chris Sharma","2009-12-18"
"45","Neanderthal","9b","Santa Linya","Spain","Chris Sharma","2009-12-18","Jakob Schubert","2018"
"46","Neanderthal","9b","Santa Linya","Spain","Chris Sharma","2009-12-18","Adam Ondra","2019-02-12"
"47","One Slap","9b","Arco","Italy","Adam Ondra","2017-11-13","Adam Ondra","2017-11-13"
"48","One Slap","9b","Arco","Italy","Adam Ondra","2017-11-13","Stefano Ghisolfi","2017-11-22"
"49","Queen Line","9b","Arco","Italy","Adam Ondra","2017-04-18","Adam Ondra","2017-04-18"
"50","Queen Line","9b","Arco","Italy","Adam Ondra","2017-04-18","Stefano Ghisolfi","2019-02-26"
"51","Rainman","9b","Malham Cove","United Kingdom","Steve McClure","2017-06-04","Steve McClure","2017-06-04"
"52","Robin úd","9b","Alternatívna stena","Slovakia","Adam Ondra","2016-10-05","Adam Ondra","2016-10-05"
"53","Soul Mate","9b","Okutama","Japan","Sachi Amma","2018-03","Sachi Amma","2018-03"
"54","Stoking the fire","9b","Santa Linya","Spain","Chris Sharma","2013-02-06","Chris Sharma","2013-02-06"
"55","Stoking the fire","9b","Santa Linya","Spain","Chris Sharma","2013-02-06","Adam Ondra","2016-02-19"
"56","Stoking the fire","9b","Santa Linya","Spain","Chris Sharma","2013-02-06","Jakob Schubert","2018-01-05"
"57","Alasha","9a+/b","Majorque","Spain","Chris Sharma","2016-09","Chris Sharma","2016-09"
"58","Artaburu","9a+/b","Margalef","Spain","Iker Pou","2018-12-19","Iker Pou","2018-12-19"
"59","Catxasa (R2)","9a+/b","Santa Linya","Spain","Ramón Julián Puigblanqué","2012-06-29","Ramón Julián Puigblanqué","2012-06-29"
"60","Chilam Balam","9a+/b","Villanueva del Rosario","Spain","Bernabé Fernández","2003","Bernabé Fernández","2003"
"61","Chilam Balam","9a+/b","Villanueva del Rosario","Spain","Bernabé Fernández","2003","Adam Ondra","2011-04-13"
"62","Chilam Balam","9a+/b","Villanueva del Rosario","Spain","Bernabé Fernández","2003","Sébastien Bouin","2015-05-28"
"63","Chilam Balam","9a+/b","Villanueva del Rosario","Spain","Bernabé Fernández","2003","Dani Andrada","2015-11"
"64","Chilam Balam","9a+/b","Villanueva del Rosario","Spain","Bernabé Fernández","2003","Edu Marin","2015-11"
"65","El bon combat","9a+/b","Cova de l'Ocell–Sant Miquel del Fai","Spain","Chris Sharma","2015-03-07","Chris Sharma","2015-03-07"
"66","El bon combat","9a+/b","Cova de l'Ocell–Sant Miquel del Fai","Spain","Chris Sharma","2015-03-07","Jakob Schubert","2018-12-01"
"67","High Line","9a+/b","Kanjon Tjesno","Bosnia","Adam Ondra","2018-09","Adam Ondra","2018-09"
"68","Les yeux plus gros que l'antre","9a+/b","Russan","France","Sébastien Bouin","2018-04-03","Sébastien Bouin","2018-04-03"
"69","Marina Superstar","9a+/b","Domusnovas","Italy","Adam Ondra","2009-10","Adam Ondra","2009-10"
"70","Supernova","9a+/b","Frankenjura","Germany","Alexander Megos","2015-10-01","Alexander Megos","2015-10-01"
"71","Torture physique","9a+/b","Gastlösen","Swiss","Adam Ondra","2013-07","Adam Ondra","2013-07"
"72","Viscious circle","9a+/b","Osp","Slovenia","Adam Ondra","2016-03-25","Adam Ondra","2016-03-25"
"73","120 Degrees","9a+","Flatanger","Norway","Adam Ondra","2016-06-16","Adam Ondra","2016-06-16"
"74","Ali Hulk (extension total)","9a+","Rodellar","Spain","Piotr Schab","2018-07","Piotr Schab","2018-07"
"75","Ali Hulk (extension)","9a+","Rodellar","Spain","Dani Andrada","2007-09-12","Dani Andrada","2007-09-12"
"76","Ali Hulk (extension)","9a+","Rodellar","Spain","Dani Andrada","2007-09-12","Magnus Midtbø","2010"
"77","Ali Hulk (extension)","9a+","Rodellar","Spain","Dani Andrada","2007-09-12","Danilo Pereyra","2011-09-20"
"78","Ali Hulk (extension)","9a+","Rodellar","Spain","Dani Andrada","2007-09-12","Dimitri Sharafutdinov","2012-07-27"
"79","Ali Hulk (extension)","9a+","Rodellar","Spain","Dani Andrada","2007-09-12","Jorge Diaz Rullo","2017-08-12"
"80","Ali Hulk (extension)","9a+","Rodellar","Spain","Dani Andrada","2007-09-12","Piotr Schab","2018-07"
"81","Ali Hulk (sitstart)","9a+","Rodellar","Spain","Dani Andrada","2006-09-11","Dani Andrada","2006-09-11"
"82","Ali Hulk (sitstart)","9a+","Rodellar","Spain","Dani Andrada","2006-09-11","Magnus Midtbø","2010"
"83","Aubade directe","9a+","Montagne Sainte-Victoire","France","Gérôme Pouvreau","2010-09-27","Gérôme Pouvreau","2010-09-27"
"84","Aubade directe","9a+","Montagne Sainte-Victoire","France","Gérôme Pouvreau","2010-09-27","Enzo Oddo","2011-05-10"
"85","Becoming","9a+","Frankenjura","Germany","Markus Bock","2014-06-30","Markus Bock","2014-06-30"
"86","Becoming","9a+","Frankenjura","Germany","Markus Bock","2014-06-30","Alexander Megos","2016-10"
"87","Big men","9a+","Fraguel","Spain","Iker Pou","2015-04","Iker Pou","2015-04"
"88","Biographie/Realization","9a+","Céüse","France","Chris Sharma","2002-07-18","Chris Sharma","2002-07-18"
"89","Biographie/Realization","9a+","Céüse","France","Chris Sharma","2002-07-18","Sylvain Millet","2004-05-24"
"90","Biographie/Realization","9a+","Céüse","France","Chris Sharma","2002-07-18","Patxi Usobiaga","2004-07-29"
"91","Biographie/Realization","9a+","Céüse","France","Chris Sharma","2002-07-18","Dave Graham","2007-07-30"
"92","Biographie/Realization","9a+","Céüse","France","Chris Sharma","2002-07-18","Ethan Pringle","2007-09-03"
"93","Biographie/Realization","9a+","Céüse","France","Chris Sharma","2002-07-18","Ramón Julián Puigblanqué","2008-07-28"
"94","Biographie/Realization","9a+","Céüse","France","Chris Sharma","2002-07-18","Enzo Oddo","2010-08-17"
"95","Biographie/Realization","9a+","Céüse","France","Chris Sharma","2002-07-18","Jonathan Siegrist","2014-06-01"
"96","Biographie/Realization","9a+","Céüse","France","Chris Sharma","2002-07-18","Alexander Megos","2014-07"
"97","Biographie/Realization","9a+","Céüse","France","Chris Sharma","2002-07-18","Adam Ondra","2014-07-23"
"98","Biographie/Realization","9a+","Céüse","France","Chris Sharma","2002-07-18","Sachi Amma","2014-08"
"99","Biographie/Realization","9a+","Céüse","France","Chris Sharma","2002-07-18","Stefano Ghisolfi","2015-06-21"
"100","Biographie/Realization","9a+","Céüse","France","Chris Sharma","2002-07-18","Jon Cardwell","2016-05-25"
"101","Biographie/Realization","9a+","Céüse","France","Chris Sharma","2002-07-18","Sean Bailey","2016-08-03"
"102","Biographie/Realization","9a+","Céüse","France","Chris Sharma","2002-07-18","Margo Hayes","2017-09-24"
"103","Biographie/Realization","9a+","Céüse","France","Chris Sharma","2002-07-18","Piotr Schab","2018-06-09"
"104","Biographie/Realization","9a+","Céüse","France","Chris Sharma","2002-07-18","Stefano Carnati","2018-09-21"
"105","Black Bock","9a+","Cuenca","Spain","Luis Alfonso Felix","2011-12-02","Luis Alfonso Felix","2011-12-02"
"106","Catxasa","9a+","Santa Linya","Spain","Chris Sharma","2011-01-13","Chris Sharma","2011-01-13"
"107","Catxasa","9a+","Santa Linya","Spain","Chris Sharma","2011-01-13","Ramón Julián Puigblanqué","2012-06"
"108","Catxasa","9a+","Santa Linya","Spain","Chris Sharma","2011-01-13","Sachi Amma","2015-02-15"
"109","Catxasa","9a+","Santa Linya","Spain","Chris Sharma","2011-01-13","Jakob Schubert","2018-01-09"
"110","Catxasa","9a+","Santa Linya","Spain","Chris Sharma","2011-01-13","Piotr Schab","2018-04-09"
"111","Catxasa","9a+","Santa Linya","Spain","Chris Sharma","2011-01-13","Jakub Konecny","2018-12-31"
"112","Catxasa","9a+","Santa Linya","Spain","Chris Sharma","2011-01-13","Adam Ondra","2019-02-08"
"113","Celedon","9a+","Ilarduia","Spain","Iker Pou","2012-09-21","Iker Pou","2012-09-21"
"114","Celedon","9a+","Ilarduia","Spain","Iker Pou","2012-09-21","David Gambús","2012-10-29"
"115","Chaxi","9a+","Oliana","Spain","Adam Ondra","2011-03","Adam Ondra","2011-03"
"116","Chaxi","9a+","Oliana","Spain","Adam Ondra","2011-03","Chris Sharma","2011-05-07"
"117","Chaxi","9a+","Oliana","Spain","Adam Ondra","2011-03","Cédric Lachat","2013-01-16"
"118","Chaxi","9a+","Oliana","Spain","Adam Ondra","2011-03","Jonathan Siegrist","2017-04-26"
"119","Clash of the Titans","9a+","Götterwandl","Austria","Alexander Megos","2017-06-18","Alexander Megos","2017-06-18"
"120","Classified","9a+","Frankenjura","Germany","Alexander Megos","2013-04","Alexander Megos","2013-04"
"121","Companion of Change","9a+","Zillertal","Austria","Jakob Schubert","2015-11-18","Jakob Schubert","2015-11-18"
"122","Companion of Change","9a+","Zillertal","Austria","Jakob Schubert","2015-11-18","Alexander Megos","2017-06"
"123","Corona","9a+","Frankenjura","Germany","Markus Bock","2006","Markus Bock","2006"
"124","Corona","9a+","Frankenjura","Germany","Markus Bock","2006","Adam Ondra","2009-06-08"
"125","Corona","9a+","Frankenjura","Germany","Markus Bock","2006","Alexander Megos","2013-05-13"
"126","Corona","9a+","Frankenjura","Germany","Markus Bock","2006","Felix Neumärker","2014-03-21"
"127","Corona","9a+","Frankenjura","Germany","Markus Bock","2006","Daniel Jung","2016-10-23"
"128","Corona","9a+","Frankenjura","Germany","Markus Bock","2006","Dai Koyamada","2016-10-28"
"129","Czech Trip","9a+","Mavrovo","Macedonia","Adam Ondra","2018-12-19","Adam Ondra","2018-12-19"
"130","Deep Spot","9a+","La Balme de Yenne","France","Mathieu Bouyoud","2015-08-08","Mathieu Bouyoud","2015-08-08"
"131","Demencia Senil","9a+","Margalef","Spain","Chris Sharma","2009-02","Chris Sharma","2009-02"
"132","Demencia Senil","9a+","Margalef","Spain","Chris Sharma","2009-02","Iker Pou","2010"
"133","Demencia Senil","9a+","Margalef","Spain","Chris Sharma","2009-02","Ramón Julián Puigblanqué","2010-10-12"
"134","Demencia Senil","9a+","Margalef","Spain","Chris Sharma","2009-02","Stefano Ghisolfi","2015-03-14"
"135","Der Lange Atem","9a+","Höllental","Austria","Arthur Kubista","2009-10-31","Arthur Kubista","2009-10-31"
"136","Dugi Rat","9a+","Vrulja","Croatia","Jernej Kruder","2018-12-31","Jernej Kruder","2018-12-31"
"137","Empreintes","9a+","Saint Pierre de Faucigny","France","Fred Rouhling","2008","Fred Rouhling","2008"
"138","Energia Cosmica","9a+","Bilico","Italy","Alessandro Zeni","2018-11","Alessandro Zeni","2018-11"
"139","Es Pontas","9a+","Majorque","Spain","Chris Sharma","2006","Chris Sharma","2006"
"140","Es Pontas","9a+","Majorque","Spain","Chris Sharma","2006","Jernej Kruder","2016-11-01"
"141","Es Pontas","9a+","Majorque","Spain","Chris Sharma","2006","Jan Hojer","2018-10"
"142","First Ley","9a+","Margalef","Spain","Chris Sharma","2010-03-02","Chris Sharma","2010-03-02"
"143","First Ley","9a+","Margalef","Spain","Chris Sharma","2010-03-02","Alexander Megos","2016-01-01"
"144","First Ley","9a+","Margalef","Spain","Chris Sharma","2010-03-02","Mateusz Haladaj","2016-03-31"
"145","First Ley","9a+","Margalef","Spain","Chris Sharma","2010-03-02","Stefano Ghisolfi","2017-01-12"
"146","First Ley","9a+","Margalef","Spain","Chris Sharma","2010-03-02","Daniel Woods","2018-03-12"
"147","First Ley","9a+","Margalef","Spain","Chris Sharma","2010-03-02","Shawn Raboutou","2018-04-30"
"148","Flat Mountain","9a+","Fugato","Japan","Yuji Hirayama","2003-03","Yuji Hirayama","2003-03"
"149","Flat Mountain","9a+","Fugato","Japan","Yuji Hirayama","2003-03","Toru Nakajima","2012-12"
"150","Flat Mountain","9a+","Fugato","Japan","Yuji Hirayama","2003-03","Alexander Megos","2015-03"
"151","Flex Luthor","9a+","Rifle","United States","Tommy Caldwell","2003-01","Tommy Caldwell","2003-01"
"152","Following the Leader","9a+","Cuenca","Spain","Pablo Barbero","2014-11","Pablo Barbero","2014-11"
"153","Following the Leader","9a+","Cuenca","Spain","Pablo Barbero","2014-11","Ramón Julián Puigblanqué","2015-04-01"
"154","Goldrake","9a+","Cornalba","Italy","Adam Ondra","2010-04-07","Adam Ondra","2010-04-07"
"155","Goldrake","9a+","Cornalba","Italy","Adam Ondra","2010-04-07","Gabriele Moroni","2014-10-29"
"156","Goldrake","9a+","Cornalba","Italy","Adam Ondra","2010-04-07","Stefano Carnati","2016-03-20"
"157","Goldrake","9a+","Cornalba","Italy","Adam Ondra","2010-04-07","Stefano Ghisolfi","2016-04-03"
"158","Goldrake","9a+","Cornalba","Italy","Adam Ondra","2010-04-07","Silvio Reffo","2016-05-15"
"159","Hellracer","9a+","Hell","Norway","Adam Ondra","2013-09-22","Adam Ondra","2013-09-22"
"160","Hyper finale","9a+","Rawyl","Swiss","Adam Ondra","2016-07-17","Adam Ondra","2016-07-17"
"161","Jaws II","9a+","Rumney","United States","Vasya Vorotnikov","2007-10-14","Vasya Vorotnikov","2007-10-14"
"162","Jaws II","9a+","Rumney","United States","Vasya Vorotnikov","2007-10-14","Daniel Woods","2010-10-05"
"163","Jaws II","9a+","Rumney","United States","Vasya Vorotnikov","2007-10-14","Mike Foley","2011-07-25"
"164","Jaws II","9a+","Rumney","United States","Vasya Vorotnikov","2007-10-14","Andrew Palmer","2013-10-20"
"165","Jaws II","9a+","Rumney","United States","Vasya Vorotnikov","2007-10-14","Paul Robinson","2013-10-30"
"166","Jaws II","9a+","Rumney","United States","Vasya Vorotnikov","2007-10-14","Alexander Megos","2017-10-10"
"167","Jaws II","9a+","Rumney","United States","Vasya Vorotnikov","2007-10-14","Tristan Chen","2018-08-31"
"168","Joe Mama","9a+","Oliana","Spain","Klemen Becan","2016-03-01","Klemen Becan","2016-03-01"
"169","Joe Mama","9a+","Oliana","Spain","Klemen Becan","2016-03-01","Chris Sharma","2016-10"
"170","Joe Mama","9a+","Oliana","Spain","Klemen Becan","2016-03-01","Jakob Schubert","2016-12-27"
"171","Joe Mama","9a+","Oliana","Spain","Klemen Becan","2016-03-01","Matty Hong","2017-03-17"
"172","Joe Mama","9a+","Oliana","Spain","Klemen Becan","2016-03-01","Jonathan Siegrist","2017-04-20"
"173","Jungle Boogie","9a+","Céüse","France","Adam Ondra","2012-06-07","Adam Ondra","2012-06-07"
"174","Jungle Boogie","9a+","Céüse","France","Adam Ondra","2012-06-07","Sachi Amma","2015-09"
"175","Jungle Boogie","9a+","Céüse","France","Adam Ondra","2012-06-07","Stefano Ghisolfi","2016-10-03"
"176","Jungle Boogie","9a+","Céüse","France","Adam Ondra","2012-06-07","Alexander Megos","2017-06-21"
"177","Kangoroo's Limb","9a+","Flatanger","Norway","Adam Ondra","2013-09-21","Adam Ondra","2013-09-21"
"178","Kangoroo's Limb","9a+","Flatanger","Norway","Adam Ondra","2013-09-21","Jakob Schubert","2016-05"
"179","Kmira","9a+","Pic St Loup","France","Sébastien Bouin","2015-07-09","Sébastien Bouin","2015-07-09"
"180","L'étrange ivresse des lenteurs","9a+","Céüse","France","Adam Ondra","2010-09-06","Adam Ondra","2010-09-06"
"181","La Castagne","9a+","Saint-Léger-du-Ventoux","France","Adam Ondra","2018-02-03","Adam Ondra","2018-02-03"
"182","La Cène du Lézard","9a+","Jansegg","Swiss","Pirmin Bertle","2017-12-01","Pirmin Bertle","2017-12-01"
"183","La Cène du Lézard","9a+","Jansegg","Swiss","Pirmin Bertle","2017-12-01","Cédric Lachat","2018-10"
"184","La Côte d'Usure","9a+","Verdon","France","Sébastien Bouin","2018-09-23","Sébastien Bouin","2018-09-23"
"185","La Madone","9a+","Lourmarin","France","Gérôme Pouvreau","2011-06-18","Gérôme Pouvreau","2011-06-18"
"186","La Madone","9a+","Lourmarin","France","Gérôme Pouvreau","2011-06-18","Sébastien Bouin","2012-05-20"
"187","La Moustache qui fâche","9a+","Entraygues","France","Enzo Oddo","2011-06-16","Enzo Oddo","2011-06-16"
"188","La Moustache qui fâche","9a+","Entraygues","France","Enzo Oddo","2011-06-16","Stefano Ghisolfi","2014-08-23"
"189","La novena enmienda","9a+","Santa Linya","Spain","Dani Andrada","2005-04-16","Dani Andrada","2005-04-16"
"190","La novena enmienda","9a+","Santa Linya","Spain","Dani Andrada","2005-04-16","Chris Sharma","2007-11-30"
"191","La novena enmienda","9a+","Santa Linya","Spain","Dani Andrada","2005-04-16","Patxi Usobiaga","2007-12-03"
"192","La novena enmienda","9a+","Santa Linya","Spain","Dani Andrada","2005-04-16","Edu Marin","2008-01-31"
"193","La novena enmienda","9a+","Santa Linya","Spain","Dani Andrada","2005-04-16","Adam Ondra","2008-02-05"
"194","La novena enmienda","9a+","Santa Linya","Spain","Dani Andrada","2005-04-16","Magnus Midtbø","2008-02-10"
"195","La novena enmienda","9a+","Santa Linya","Spain","Dani Andrada","2005-04-16","Ramón Julián Puigblanqué","2008-12-09"
"196","La novena enmienda","9a+","Santa Linya","Spain","Dani Andrada","2005-04-16","Andreas Bindhammer","2009-11-23"
"197","La novena enmienda","9a+","Santa Linya","Spain","Dani Andrada","2005-04-16","Sébastien Bouin","2016-01"
"198","La novena enmienda","9a+","Santa Linya","Spain","Dani Andrada","2005-04-16","Gonzalo Larrocha","2017-03-24"
"199","La novena enmienda","9a+","Santa Linya","Spain","Dani Andrada","2005-04-16","Jakob Schubert","2019-01"
"200","La Rambla","9a+","Siurana","Spain","Ramón Julián Puigblanqué","2003-03-08","Ramón Julián Puigblanqué","2003-03-08"
"201","La Rambla","9a+","Siurana","Spain","Ramón Julián Puigblanqué","2003-03-08","Edu Marin","2006-11-30"
"202","La Rambla","9a+","Siurana","Spain","Ramón Julián Puigblanqué","2003-03-08","Chris Sharma","2006-12-01"
"203","La Rambla","9a+","Siurana","Spain","Ramón Julián Puigblanqué","2003-03-08","Andreas Bindhammer","2007-05-02"
"204","La Rambla","9a+","Siurana","Spain","Ramón Julián Puigblanqué","2003-03-08","Patxi Usobiaga","2007-11-27"
"205","La Rambla","9a+","Siurana","Spain","Ramón Julián Puigblanqué","2003-03-08","Adam Ondra","2008-02-10"
"206","La Rambla","9a+","Siurana","Spain","Ramón Julián Puigblanqué","2003-03-08","Enzo Oddo","2011-12-23"
"207","La Rambla","9a+","Siurana","Spain","Ramón Julián Puigblanqué","2003-03-08","Sachi Amma","2012-11-29"
"208","La Rambla","9a+","Siurana","Spain","Ramón Julián Puigblanqué","2003-03-08","Felix Neumärker","2013-03-19"
"209","La Rambla","9a+","Siurana","Spain","Ramón Julián Puigblanqué","2003-03-08","Alexander Megos","2013-03-29"
"210","La Rambla","9a+","Siurana","Spain","Ramón Julián Puigblanqué","2003-03-08","Sangwon Son","2013-12"
"211","La Rambla","9a+","Siurana","Spain","Ramón Julián Puigblanqué","2003-03-08","Daniel Jung","2014-01"
"212","La Rambla","9a+","Siurana","Spain","Ramón Julián Puigblanqué","2003-03-08","Jonathan Siegrist","2015-03-05"
"213","La Rambla","9a+","Siurana","Spain","Ramón Julián Puigblanqué","2003-03-08","David Firnenburg","2017-02-10"
"214","La Rambla","9a+","Siurana","Spain","Ramón Julián Puigblanqué","2003-03-08","Matty Hong","2017-02-25"
"215","La Rambla","9a+","Siurana","Spain","Ramón Julián Puigblanqué","2003-03-08","Margo Hayes","2017-02-26"
"216","La Rambla","9a+","Siurana","Spain","Ramón Julián Puigblanqué","2003-03-08","Stefano Ghisolfi","2017-03-21"
"217","La Rambla","9a+","Siurana","Spain","Ramón Julián Puigblanqué","2003-03-08","Jacopo Larcher","2017-03-21"
"218","La Rambla","9a+","Siurana","Spain","Ramón Julián Puigblanqué","2003-03-08","Klemen Becan","2017-04-15"
"219","La Rambla","9a+","Siurana","Spain","Ramón Julián Puigblanqué","2003-03-08","Sébastien Bouin","2017-12-06"
"220","La Rambla","9a+","Siurana","Spain","Ramón Julián Puigblanqué","2003-03-08","Tomas Ravanal","2018-01-10"
"221","La Rambla","9a+","Siurana","Spain","Ramón Julián Puigblanqué","2003-03-08","Gerard Rull","2018-02-23"
"222","La Rambla","9a+","Siurana","Spain","Ramón Julián Puigblanqué","2003-03-08","Jon Cardwell","2018-03-04"
"223","La Rambla","9a+","Siurana","Spain","Ramón Julián Puigblanqué","2003-03-08","Piotr Schab","2019-02-08"
"224","La Rambla","9a+","Siurana","Spain","Ramón Julián Puigblanqué","2003-03-08","Dave Graham","2019-03-02"
"225","Le Vent Nous Portera","9a+","Socaire","Chile","Pirmin Bertle","2017-10","Pirmin Bertle","2017-10"
"226","Licht une Schatten","9a+","Telli","Swiss","Stefan Schibli","2015-11-15","Stefan Schibli","2015-11-15"
"227","Life of Villains","9a+","Hurricave","United States","Joe Kinder","2018-03-06","Joe Kinder","2018-03-06"
"228","Life of Villains","9a+","Hurricave","United States","Joe Kinder","2018-03-06","Matty Hong","2018-12"
"229","Maturity","9a+","Gozen-iwa","Japan","Sachi Amma","2017-12","Sachi Amma","2017-12"
"230","Maya","9a+","Margalef","Spain","Ramón Julián Puigblanqué","2016-09-10","Ramón Julián Puigblanqué","2016-09-10"
"231","Meiose","9a+","Charmey","Swiss","Pirmin Bertle","2015-11-19","Pirmin Bertle","2015-11-19"
"232","Meiose","9a+","Charmey","Swiss","Pirmin Bertle","2015-11-19","Adam Ondra","2018-01-27"
"233","Minimalomania","9a+","Lindental","Swiss","Pirmin Bertle","2013-03","Pirmin Bertle","2013-03"
"234","Modified","9a+","Frankenjura","Germany","Alexander Megos","2014-06-17","Alexander Megos","2014-06-17"
"235","Modified","9a+","Frankenjura","Germany","Alexander Megos","2014-06-17","Adam Ondra","2015-10-28"
"236","Modified","9a+","Frankenjura","Germany","Alexander Megos","2014-06-17","David Firnenburg","2018-11"
"237","Naturalmente","9a+","Camaiore","Italy","Adam Ondra","2017-04-21","Adam Ondra","2017-04-21"
"238","Nit de Bruixes","9a+","Margalef","Spain","Iker Pou","2012-01-11","Iker Pou","2012-01-11"
"239","Nit de Bruixes","9a+","Margalef","Spain","Iker Pou","2012-01-11","Ramón Julián Puigblanqué","2012-07"
"240","No Pain No Gain","9a+","Rodellar","Spain","Daniel Fuertes","2017-06-06","Daniel Fuertes","2017-06-06"
"241","No Pain No Gain","9a+","Rodellar","Spain","Daniel Fuertes","2017-06-06","Gonzalo Larrocha","2017-09-23"
"242","No Pain No Gain","9a+","Rodellar","Spain","Daniel Fuertes","2017-06-06","Piotr Schab","2018-09-05"
"243","Obrint el sistema","9a+","Santa Ana","Spain","Adam Ondra","2011-03-14","Adam Ondra","2011-03-14"
"244","One Punch","9a+","Arco","Italy","Stefano Ghisolfi","2017-05-01","Stefano Ghisolfi","2017-05-01"
"245","One Punch","9a+","Arco","Italy","Stefano Ghisolfi","2017-05-01","Adam Ondra","2017-11"
"246","Open Air","9a+","Schleierwasserfall","Austria","Alexander Huber","1996","Alexander Huber","1996"
"247","Open Air","9a+","Schleierwasserfall","Austria","Alexander Huber","1996","Adam Ondra","2008-11-17"
"248","Orujo","9a+","Archidona","Spain","Bernabé Fernández","1998","Bernabé Fernández","1998"
"249","Outro","9a+","Achleiten","Austria","Roland Hemetzberger","2015-12","Roland Hemetzberger","2015-12"
"250","Overshadow","9a+","Malham Cove","United Kingdom","Steve McClure","2007-05-28","Steve McClure","2007-05-28"
"251","Overshadow","9a+","Malham Cove","United Kingdom","Steve McClure","2007-05-28","Adam Ondra","2011-05-17"
"252","Pachamama","9a+","Oliana","Spain","Chris Sharma","2009","Chris Sharma","2009"
"253","Pachamama","9a+","Oliana","Spain","Chris Sharma","2009","Sachi Amma","2011-12-18"
"254","Pachamama","9a+","Oliana","Spain","Chris Sharma","2009","Ramón Julián Puigblanqué","2015-04-03"
"255","Pachamama","9a+","Oliana","Spain","Chris Sharma","2009","Jakob Schubert","2017-01-02"
"256","Pachamama","9a+","Oliana","Spain","Chris Sharma","2009","Adam Ondra","2017-02-03"
"257","Pachamama","9a+","Oliana","Spain","Chris Sharma","2009","Jonathan Siegrist","2017-04-12"
"258","Pachamama","9a+","Oliana","Spain","Chris Sharma","2009","Patxi Usobiaga","2017-11-10"
"259","Pachamama","9a+","Oliana","Spain","Chris Sharma","2009","Sébastien Bouin","2019-03-05"
"260","Panorama","9a+","Patones","Spain","Jorge Diaz Rullo","2018-07-15","Jorge Diaz Rullo","2018-07-15"
"261","Papichulo","9a+","Oliana","Spain","Chris Sharma","2008-05-31","Chris Sharma","2008-05-31"
"262","Papichulo","9a+","Oliana","Spain","Chris Sharma","2008-05-31","Adam Ondra","2009-02-24"
"263","Papichulo","9a+","Oliana","Spain","Chris Sharma","2008-05-31","Ramón Julián Puigblanqué","2009-03-23"
"264","Papichulo","9a+","Oliana","Spain","Chris Sharma","2008-05-31","Sachi Amma","2010-12-25"
"265","Papichulo","9a+","Oliana","Spain","Chris Sharma","2008-05-31","Cédric Lachat","2011-04-03"
"266","Papichulo","9a+","Oliana","Spain","Chris Sharma","2008-05-31","Jakob Schubert","2011-04-27"
"267","Papichulo","9a+","Oliana","Spain","Chris Sharma","2008-05-31","Domen Skofic","2014-12-12"
"268","Papichulo","9a+","Oliana","Spain","Chris Sharma","2008-05-31","Magnus Midtbø","2015-03-22"
"269","Papichulo","9a+","Oliana","Spain","Chris Sharma","2008-05-31","Mateusz Haladaj","2015-05-30"
"270","Papichulo","9a+","Oliana","Spain","Chris Sharma","2008-05-31","Jonathan Siegrist","2015-11-18"
"271","Papichulo","9a+","Oliana","Spain","Chris Sharma","2008-05-31","Daniel Woods","2016-03-03"
"272","Papichulo","9a+","Oliana","Spain","Chris Sharma","2008-05-31","Matty Hong","2016-03-23"
"273","Papichulo","9a+","Oliana","Spain","Chris Sharma","2008-05-31","Said Belhaj","2016-04"
"274","Papichulo","9a+","Oliana","Spain","Chris Sharma","2008-05-31","Piotr Schab","2016-04-17"
"275","Papichulo","9a+","Oliana","Spain","Chris Sharma","2008-05-31","Klemen Becan","2016-06"
"276","Papichulo","9a+","Oliana","Spain","Chris Sharma","2008-05-31","Patxi Usobiaga","2017-03-31"
"277","Papichulo","9a+","Oliana","Spain","Chris Sharma","2008-05-31","Jon Cardwell","2017-04-12"
"278","Papichulo","9a+","Oliana","Spain","Chris Sharma","2008-05-31","Felipe Camargo","2017-04-22"
"279","Perlorodka","9a+","Moravsky kras","Czech","Adam Ondra","2011-09-08","Adam Ondra","2011-09-08"
"280","Peruvian Necktie","9a+","Pop tire cave","United States","James Litz","2013","James Litz","2013"
"281","Power Inverter","9a+","Oliana","Spain","Chris Sharma","2010-12-19","Chris Sharma","2010-12-19"
"282","Power Inverter","9a+","Oliana","Spain","Chris Sharma","2010-12-19","Adam Ondra","2013-01-25"
"283","Power Inverter","9a+","Oliana","Spain","Chris Sharma","2010-12-19","Ramón Julián Puigblanqué","2014-03-03"
"284","Power Inverter","9a+","Oliana","Spain","Chris Sharma","2010-12-19","Sachi Amma","2015-02-16"
"285","Power Inverter","9a+","Oliana","Spain","Chris Sharma","2010-12-19","Jonathan Siegrist","2015-12-02"
"286","Red Ram","9a+","Margalef","Spain","Ramón Julián Puigblanqué","2013-08-30","Ramón Julián Puigblanqué","2013-08-30"
"287","Rise","9a+","Futago-yama","Japan","Sachi Amma","2018-11","Sachi Amma","2018-11"
"288","Sacrifice","9a+","Echo Valley","Canada","Adam Ondra","2018-07-23","Adam Ondra","2018-07-23"
"289","Salamandre","9a+","Saint Pierre de Faucigny","France","Fred Rouhling","2007-11","Fred Rouhling","2007-11"
"290","Salamandre","9a+","Saint Pierre de Faucigny","France","Fred Rouhling","2007-11","Baptiste Dherbilly","2017-10-26"
"291","Sashidananda","9a+","Orgon","France","Gérôme Pouvreau","2009-05-28","Gérôme Pouvreau","2009-05-28"
"292","Sashidananda","9a+","Orgon","France","Gérôme Pouvreau","2009-05-28","Loïc Zehani","2018-04-10"
"293","Seleccio Anal","9a+","Santa Linya","Spain","Ramón Julián Puigblanqué","2013-12-21","Ramón Julián Puigblanqué","2013-12-21"
"294","Seleccio Anal","9a+","Santa Linya","Spain","Ramón Julián Puigblanqué","2013-12-21","Sachi Amma","2015-02-19"
"295","Seleccio Anal","9a+","Santa Linya","Spain","Ramón Julián Puigblanqué","2013-12-21","Edu Marin","2016-01-11"
"296","Seleccio Anal","9a+","Santa Linya","Spain","Ramón Julián Puigblanqué","2013-12-21","Magnus Midtbø","2016-03-05"
"297","Seleccio Anal","9a+","Santa Linya","Spain","Ramón Julián Puigblanqué","2013-12-21","Jakob Schubert","2017-01-08"
"298","Seleccio Anal","9a+","Santa Linya","Spain","Ramón Julián Puigblanqué","2013-12-21","Piotr Schab","2017-02-10"
"299","Seleccio Anal","9a+","Santa Linya","Spain","Ramón Julián Puigblanqué","2013-12-21","Kamil Ferenc","2017-04"
"300","Stone Butterfly","9a+","Herculane","Romania","Adam Ondra","2018-05-15","Adam Ondra","2018-05-15"
"301","Super Crackinette","9a+","Saint-Léger-du-Ventoux","France","Alexander Megos","2016-10","Alexander Megos","2016-10"
"302","Super Crackinette","9a+","Saint-Léger-du-Ventoux","France","Alexander Megos","2016-10","Adam Ondra","2018-02-10"
"303","Super Crackinette","9a+","Saint-Léger-du-Ventoux","France","Alexander Megos","2016-10","Gérôme Pouvreau","2018-04"
"304","Sweet Neuf","9a+","Presles","France","Anak Verhoeven","2017-09-06","Anak Verhoeven","2017-09-06"
"305","Thor's Hammer R2","9a+","Flatanger","Norway","Adam Ondra","2017-09","Adam Ondra","2017-09"
"306","Tinipi","9a+","Mont Kinabalu","Malaysia","Daniel Woods","2012-06","Daniel Woods","2012-06"
"307","Tinipi","9a+","Mont Kinabalu","Malaysia","Daniel Woods","2012-06","Sachi Amma","2015-05"
"308","Ultimatum","9a+","Arco","Italy","Stefano Ghisolfi","2016-12-19","Stefano Ghisolfi","2016-12-19"
"309","Ultimatum","9a+","Arco","Italy","Stefano Ghisolfi","2016-12-19","Eric Albertini","2017-04"
"310","Ultimatum","9a+","Arco","Italy","Stefano Ghisolfi","2016-12-19","Adam Ondra","2017-04-18"
"311","Underground > Pure dreaming","9a+","Arco","Italy","Adam Ondra","2018-02-25","Adam Ondra","2018-02-25"
"312","Valhalla P5","9a+","Getu","China","Edu Marin","2019-01-20","Edu Marin","2019-01-20"
"313","Violent New Breed","9a+","Giggleswick","United Kingdom","John Gaskins","2004-06","John Gaskins","2004-06"
